<?xml version="1.0" encoding="UTF-8"?>
<project-private xmlns="http://www.netbeans.org/ns/project-private/1">
    <editor-bookmarks xmlns="http://www.netbeans.org/ns/editor-bookmarks/2" lastBookmarkId="0"/>
    <open-files xmlns="http://www.netbeans.org/ns/projectui-open-files/2">
        <group>
            <file>file:/C:/Users/90552/Desktop/Java%20Proje%20Ve%20Rapor/Pizzacim/src/LoginForm.java</file>
            <file>file:/C:/Users/90552/Desktop/Java%20Proje%20Ve%20Rapor/Pizzacim/src/Personel_Kaydi.java</file>
            <file>file:/C:/Users/90552/Desktop/Java%20Proje%20Ve%20Rapor/Pizzacim/src/Kullanici_Paneli.java</file>
        </group>
    </open-files>
</project-private>
